customer_id,first_name,last_name,country,phone_number,email_address
0,Yetty,Arghent,Indonesia,+33063459956,yetty_arghent@gmail.com
1,Myrvyn,McAllister,Czech Republic,+15019981526,myrvyn_mcallister@gmail.com
2,Jarid,Son,Philippines,+91407792402,jarid_son@gmail.com
3,Griffin,Letham,Canada,+65455478362,griffin_letham@gmail.com
4,Kristin,Hubbock,Ethiopia,+18927492376,kristin_hubbock@gmail.com
5,Nannie,Rainsdon,Canada,+93514240843,nannie_rainsdon@gmail.com
6,Eloisa,Thick,Armenia,+14452443964,eloisa_thick@gmail.com
7,Harley,Birdwhistle,Philippines,+22169437627,harley_birdwhistle@gmail.com
8,Artemis,Wrenn,United States,+64873640250,artemis_wrenn@gmail.com
9,Jenica,Hambric,Portugal,+24891746217,jenica_hambric@gmail.com
10,Heath,Biagi,Pakistan,+44474881989,heath_biagi@gmail.com
11,Cymbre,Fulkes,Ukraine,+66630651170,cymbre_fulkes@gmail.com
12,Trueman,Whodcoat,Colombia,+33946363786,trueman_whodcoat@gmail.com
13,Linn,Dowd,Finland,+63149646082,linn_dowd@gmail.com
14,Karilynn,Paradin,Poland,+79746566886,karilynn_paradin@gmail.com
15,Franky,Hemerijk,France,+59784590949,franky_hemerijk@gmail.com
16,Leshia,Ruhben,Colombia,+25836910775,leshia_ruhben@gmail.com
17,Josy,Mahedy,Sweden,+61497518411,josy_mahedy@gmail.com
18,Godwin,Dowsing,Brazil,+75053915596,godwin_dowsing@gmail.com
19,Charley,Haglinton,Portugal,+59353685732,charley_haglinton@gmail.com
20,Adria,Lagneaux,Brazil,+50655098585,adria_lagneaux@gmail.com
21,Hermione,Huzzay,South Korea,+73979892597,hermione_huzzay@gmail.com
22,Carmelia,Eatock,Thailand,+50768577045,carmelia_eatock@gmail.com
23,Halsy,Garaway,Dominican Republic,+54970252728,halsy_garaway@gmail.com
24,Dru,Abrahmson,Poland,+81582942020,dru_abrahmson@gmail.com
25,Bryana,Sheldon,Ukraine,+32554229574,bryana_sheldon@gmail.com
26,Drake,Dunseith,Greece,+92465112161,drake_dunseith@gmail.com
27,Nickey,Flatt,Colombia,+78185167991,nickey_flatt@gmail.com
28,See,Glaserman,Tanzania,+48763938295,see_glaserman@gmail.com
29,Corrianne,Tukely,France,+77246964451,corrianne_tukely@gmail.com
30,Killie,Paffett,Bosnia and Herzegovina,+30098451440,killie_paffett@gmail.com
31,Montgomery,Budibent,Brazil,+79448704336,montgomery_budibent@gmail.com
32,Hyman,Ducaen,Nigeria,+22980544640,hyman_ducaen@gmail.com
33,Lev,Shropshire,Chile,+11352720465,lev_shropshire@gmail.com
34,Cyndie,Hyndes,China,+26643951500,cyndie_hyndes@gmail.com
35,Leone,Byfford,Macedonia,+89817791790,leone_byfford@gmail.com
36,Drusilla,Gittose,China,+98856287064,drusilla_gittose@gmail.com
37,Barn,Torricella,Venezuela,+58163452098,barn_torricella@gmail.com
38,Ebony,Nemchinov,Brazil,+70298215852,ebony_nemchinov@gmail.com
39,Gillie,Spurdens,Poland,+99075554287,gillie_spurdens@gmail.com
40,Lesya,Ellingworth,Indonesia,+14759511375,lesya_ellingworth@gmail.com
41,Leticia,Bettington,China,+96324863290,leticia_bettington@gmail.com
42,Norine,Meach,Norway,+41450479958,norine_meach@gmail.com
43,Lizbeth,Bottini,Indonesia,+55040237376,lizbeth_bottini@gmail.com
44,Kaye,McGinney,Bulgaria,+24826977543,kaye_mcginney@gmail.com
45,Job,Mitchinson,Poland,+31018826465,job_mitchinson@gmail.com
46,Esta,Bruhke,Russia,+72404210923,esta_bruhke@gmail.com
47,Reinwald,O'Fielly,Namibia,+34440582777,reinwald_o'fielly@gmail.com
48,Alicia,Milligan,Brazil,+64682998440,alicia_milligan@gmail.com
49,Janek,Pargetter,Indonesia,+54441776679,janek_pargetter@gmail.com
50,Arda,Renish,Indonesia,+66402141582,arda_renish@gmail.com
51,Loni,Tweedle,Guatemala,+78452741532,loni_tweedle@gmail.com
52,Jacklyn,Fillery,Pakistan,+69909402076,jacklyn_fillery@gmail.com
53,Willabella,Dumbrill,China,+57021014578,willabella_dumbrill@gmail.com
54,Lorena,McGiveen,Russia,+17723066300,lorena_mcgiveen@gmail.com
55,Latrena,Fowkes,Brazil,+58306484493,latrena_fowkes@gmail.com
56,Mia,Wasbey,Sweden,+72917698298,mia_wasbey@gmail.com
57,Krysta,Woollard,France,+67424963069,krysta_woollard@gmail.com
58,Kane,Safhill,Indonesia,+13285700569,kane_safhill@gmail.com
59,Quentin,Putland,China,+73755916599,quentin_putland@gmail.com
60,Vin,Booth,Sweden,+48520708573,vin_booth@gmail.com
61,Keelia,Fronczak,China,+64421658073,keelia_fronczak@gmail.com
62,Pippa,Rodriguez,China,+80998854308,pippa_rodriguez@gmail.com
63,Fawn,Mancktelow,Iran,+82073477917,fawn_mancktelow@gmail.com
64,Curtis,Kurt,Germany,+60928437170,curtis_kurt@gmail.com
65,Gasper,Joder,China,+18958862596,gasper_joder@gmail.com
66,Eberto,Crocombe,El Salvador,+67751375240,eberto_crocombe@gmail.com
67,Annissa,Klambt,Japan,+15340056101,annissa_klambt@gmail.com
68,Annamarie,Dietsche,Sweden,+96294020261,annamarie_dietsche@gmail.com
69,Ginnie,Stimpson,France,+48506923684,ginnie_stimpson@gmail.com
70,Rainer,Mogra,Philippines,+69674562799,rainer_mogra@gmail.com
71,Bryan,Munford,Portugal,+88812422810,bryan_munford@gmail.com
72,Worth,MacInnes,Israel,+16005135310,worth_macinnes@gmail.com
73,Gaven,Humpherson,Benin,+90477761008,gaven_humpherson@gmail.com
74,Eydie,Polk,Israel,+31264737296,eydie_polk@gmail.com
75,Dorise,Marshalleck,Mexico,+34878082633,dorise_marshalleck@gmail.com
76,Charles,McIlhatton,China,+53079642069,charles_mcilhatton@gmail.com
77,Dolorita,Ringsell,Paraguay,+82695478604,dolorita_ringsell@gmail.com
78,Laird,Melledy,Afghanistan,+49149203528,laird_melledy@gmail.com
79,Rancell,Skewes,Indonesia,+31759305589,rancell_skewes@gmail.com
80,Jourdan,Winspear,Sweden,+64181335914,jourdan_winspear@gmail.com
81,Angil,Bly,China,+92251762301,angil_bly@gmail.com
82,Deonne,Arnot,Brazil,+83470281191,deonne_arnot@gmail.com
83,Heddie,Crauford,Italy,+44300784673,heddie_crauford@gmail.com
84,Chic,Nutbean,China,+84996783071,chic_nutbean@gmail.com
85,Gina,Vaz,Poland,+14369587846,gina_vaz@gmail.com
86,Krishna,Dominka,Uganda,+80301735391,krishna_dominka@gmail.com
87,Guenna,Kobes,China,+69129107673,guenna_kobes@gmail.com
88,Gaspard,Finlan,Peru,+93515340463,gaspard_finlan@gmail.com
89,Gipsy,Kingsley,China,+40372595682,gipsy_kingsley@gmail.com
90,Hughie,Skentelbery,Japan,+64907486158,hughie_skentelbery@gmail.com
91,Valeda,Crohan,Japan,+55467569957,valeda_crohan@gmail.com
92,Iris,Dadswell,Chad,+90635301532,iris_dadswell@gmail.com
93,Dita,Turbayne,Colombia,+17433289914,dita_turbayne@gmail.com
94,Clifford,McAvinchey,Spain,+34855470283,clifford_mcavinchey@gmail.com
95,Dolli,Jiggens,Argentina,+49641906075,dolli_jiggens@gmail.com
96,Adore,Englishby,China,+10924856318,adore_englishby@gmail.com
97,Liam,Adam,Poland,+16702260073,liam_adam@gmail.com
98,Stanford,Peto,Cyprus,+60617486937,stanford_peto@gmail.com
99,Shirline,Hamshar,Sierra Leone,+19444530568,shirline_hamshar@gmail.com
100,Knox,McCrory,China,+26663494395,knox_mccrory@gmail.com
101,Ichabod,Bruggen,Indonesia,+30084129184,ichabod_bruggen@gmail.com
102,Davina,Spires,Ecuador,+26367827834,davina_spires@gmail.com
103,Florella,Southernwood,Portugal,+58654451470,florella_southernwood@gmail.com
104,Conrado,McNutt,China,+46209715143,conrado_mcnutt@gmail.com
105,Petunia,Benettini,Japan,+37553029908,petunia_benettini@gmail.com
106,Spencer,Barefoot,Brazil,+16508128367,spencer_barefoot@gmail.com
107,Agnella,Simonett,Russia,+78631760341,agnella_simonett@gmail.com
108,Brandie,Kilgrove,Greece,+52716800293,brandie_kilgrove@gmail.com
109,Bee,Orpyne,Mexico,+71694300909,bee_orpyne@gmail.com
110,Marget,Steward,Vietnam,+36714699204,marget_steward@gmail.com
111,Waldemar,Birckmann,Philippines,+54124153994,waldemar_birckmann@gmail.com
112,Eloisa,Scantleberry,China,+59964312016,eloisa_scantleberry@gmail.com
113,Northrop,Drew,Japan,+17043613069,northrop_drew@gmail.com
114,Hasty,Covolini,United States,+83040602916,hasty_covolini@gmail.com
115,Lara,Pennetti,Cameroon,+93994962445,lara_pennetti@gmail.com
116,Tad,Waszczykowski,China,+66450608050,tad_waszczykowski@gmail.com
117,Arabelle,Shyres,Portugal,+84573372150,arabelle_shyres@gmail.com
118,Leora,Chiddy,Canada,+82803430787,leora_chiddy@gmail.com
119,Robyn,Teanby,Canada,+49610686188,robyn_teanby@gmail.com
120,Nickey,Turfitt,Indonesia,+85827190004,nickey_turfitt@gmail.com
121,Tyrone,Cuncarr,Indonesia,+25383840900,tyrone_cuncarr@gmail.com
122,Rosmunda,Delgardillo,Russia,+18522208185,rosmunda_delgardillo@gmail.com
123,Beulah,Hitscher,Indonesia,+84909886344,beulah_hitscher@gmail.com
124,Stephana,Brattan,Brazil,+26400947833,stephana_brattan@gmail.com
125,Minny,Witter,Poland,+31897017459,minny_witter@gmail.com
126,Anya,Martignon,China,+36097502452,anya_martignon@gmail.com
127,Selie,Josland,Czech Republic,+14586948033,selie_josland@gmail.com
128,Sayre,Tysall,France,+84398367774,sayre_tysall@gmail.com
129,Walker,Athy,Philippines,+82421897689,walker_athy@gmail.com
130,Gennifer,Nafziger,Philippines,+41565324667,gennifer_nafziger@gmail.com
131,Sisely,Shoebottom,Philippines,+71416802856,sisely_shoebottom@gmail.com
132,Nelly,Tollett,Russia,+20721128463,nelly_tollett@gmail.com
133,Gillie,Abrey,Madagascar,+81793717223,gillie_abrey@gmail.com
134,Todd,Nilles,Greece,+96245373518,todd_nilles@gmail.com
135,Antin,Lakin,Guatemala,+66650913064,antin_lakin@gmail.com
136,Timmi,Bohey,Brazil,+56471928579,timmi_bohey@gmail.com
137,Sergei,Drohun,Philippines,+86332086763,sergei_drohun@gmail.com
138,Taddeo,Buckney,Philippines,+77253594009,taddeo_buckney@gmail.com
139,Alma,Hayers,Indonesia,+26133312158,alma_hayers@gmail.com
140,Teri,McGrory,Canada,+50196133731,teri_mcgrory@gmail.com
141,Durand,Benazet,Ukraine,+85657206506,durand_benazet@gmail.com
142,Em,Wallege,Russia,+74813335218,em_wallege@gmail.com
143,Irvin,Grent,Croatia,+70800890248,irvin_grent@gmail.com
144,Vinni,Wildman,Russia,+64903281296,vinni_wildman@gmail.com
145,Hanny,Feavers,China,+52651215519,hanny_feavers@gmail.com
146,Silas,Sedgmond,Canada,+60564315379,silas_sedgmond@gmail.com
147,Benedikta,Tunaclift,Indonesia,+82614259657,benedikta_tunaclift@gmail.com
148,Camella,Hinz,Peru,+28512715685,camella_hinz@gmail.com
149,Bunni,Huggill,China,+27553113488,bunni_huggill@gmail.com
150,Cece,Rumney,Egypt,+45100886259,cece_rumney@gmail.com
151,Reinaldo,De Lacey,Brazil,+62900938320,reinaldo_de lacey@gmail.com
152,Katharina,Rapin,Poland,+11641907043,katharina_rapin@gmail.com
153,Dominga,Ohlsen,Russia,+80282682440,dominga_ohlsen@gmail.com
154,Juliana,Speerman,Russia,+87759384649,juliana_speerman@gmail.com
155,Aleda,Netherwood,Russia,+15569713274,aleda_netherwood@gmail.com
156,Salomon,Zanetto,United States,+66792628866,salomon_zanetto@gmail.com
157,Nico,Strand,Ethiopia,+20539673830,nico_strand@gmail.com
158,Spike,Basire,Poland,+31112417090,spike_basire@gmail.com
159,Wallas,Kinnaird,France,+38349754833,wallas_kinnaird@gmail.com
160,Chere,Petschel,Colombia,+97636345228,chere_petschel@gmail.com
161,Oralia,Sainthill,China,+91946287426,oralia_sainthill@gmail.com
162,Annabell,Tompkiss,Colombia,+91075204983,annabell_tompkiss@gmail.com
163,Ivette,Tomadoni,Russia,+25968956674,ivette_tomadoni@gmail.com
164,Maridel,Clarke,China,+39247752429,maridel_clarke@gmail.com
165,Sibby,Kitchingman,Russia,+59790798891,sibby_kitchingman@gmail.com
166,Matthus,Crabtree,China,+50023912605,matthus_crabtree@gmail.com
167,Mordy,Bediss,Philippines,+33718916383,mordy_bediss@gmail.com
168,Josephine,Torregiani,United States,+25556401760,josephine_torregiani@gmail.com
169,Cristiano,Pummell,United States,+89198803958,cristiano_pummell@gmail.com
170,Ruthe,Bedrosian,China,+89688678378,ruthe_bedrosian@gmail.com
171,Larisa,Maliffe,Portugal,+58437377191,larisa_maliffe@gmail.com
172,Chloe,Goacher,China,+10072948512,chloe_goacher@gmail.com
173,Cesare,Spencock,Panama,+14698466413,cesare_spencock@gmail.com
174,Hanson,Vedekhin,Croatia,+46352918504,hanson_vedekhin@gmail.com
175,Georgianna,Chevin,Brazil,+65874122928,georgianna_chevin@gmail.com
176,Fidole,Weekes,Indonesia,+22279745623,fidole_weekes@gmail.com
177,Barnabas,MacArthur,Israel,+56148459531,barnabas_macarthur@gmail.com
178,Damita,Losty,Saint Kitts and Nevis,+94622278775,damita_losty@gmail.com
179,Alison,De Metz,Panama,+36621867007,alison_de metz@gmail.com
180,Cull,Raistrick,Japan,+25933638320,cull_raistrick@gmail.com
181,Etheline,Allone,Poland,+62190346245,etheline_allone@gmail.com
182,Wait,Balogun,China,+51735146150,wait_balogun@gmail.com
183,Eba,Cromwell,Indonesia,+67083866152,eba_cromwell@gmail.com
184,Petr,Milam,Canada,+93463552144,petr_milam@gmail.com
185,Huntlee,Capehorn,Thailand,+23324312215,huntlee_capehorn@gmail.com
186,Theodosia,Gillmore,Brazil,+16876517529,theodosia_gillmore@gmail.com
187,Husain,Pover,China,+21769597461,husain_pover@gmail.com
188,Rebekkah,Davall,China,+48274844778,rebekkah_davall@gmail.com
189,Josefa,Bastable,Russia,+82671055757,josefa_bastable@gmail.com
190,Kesley,Trenear,Brazil,+10522655950,kesley_trenear@gmail.com
191,Jilleen,Meeson,Russia,+88273927566,jilleen_meeson@gmail.com
192,Parsifal,McKniely,Portugal,+15217868582,parsifal_mckniely@gmail.com
193,Hasty,Manjin,Brazil,+59952889763,hasty_manjin@gmail.com
194,Heywood,De Vere,China,+68085800907,heywood_de vere@gmail.com
195,Thebault,Shoebridge,Thailand,+79487518455,thebault_shoebridge@gmail.com
196,Granny,Howels,Malaysia,+52464044280,granny_howels@gmail.com
197,Alexandros,Pepperill,China,+84054457736,alexandros_pepperill@gmail.com
198,Dixie,Sidey,Luxembourg,+23729670793,dixie_sidey@gmail.com
199,Towny,Strethill,Japan,+38635415441,towny_strethill@gmail.com
200,Emory,Frany,Russia,+11893988916,emory_frany@gmail.com
201,Sophronia,Winsborrow,Indonesia,+96861121252,sophronia_winsborrow@gmail.com
202,Adena,Parradye,Moldova,+95952391428,adena_parradye@gmail.com
203,Barbara-anne,Diglin,Czech Republic,+93905868633,barbara-anne_diglin@gmail.com
204,Olivette,Hanhart,Peru,+34153630723,olivette_hanhart@gmail.com
205,Byrle,Drayton,Brazil,+69469041318,byrle_drayton@gmail.com
206,Donni,Lewsie,Spain,+31474209651,donni_lewsie@gmail.com
207,Mable,Bortolotti,Portugal,+17806308926,mable_bortolotti@gmail.com
208,Hedvig,Willcox,Indonesia,+49373511069,hedvig_willcox@gmail.com
209,Terrance,Stradling,Venezuela,+35750350005,terrance_stradling@gmail.com
210,Rafaela,Baiyle,China,+11639885550,rafaela_baiyle@gmail.com
211,Staford,Karolovsky,China,+70086195352,staford_karolovsky@gmail.com
212,Roi,Stainfield,Morocco,+82362747092,roi_stainfield@gmail.com
213,Erek,Elliot,Philippines,+38122070141,erek_elliot@gmail.com
214,Emanuel,Oxley,Russia,+67505553962,emanuel_oxley@gmail.com
215,Eveline,Inderwick,Brazil,+44968786631,eveline_inderwick@gmail.com
216,Constantia,Danett,China,+89324895462,constantia_danett@gmail.com
217,Chad,Cragell,Portugal,+40574483789,chad_cragell@gmail.com
218,Antonietta,Springtorp,Poland,+52700567000,antonietta_springtorp@gmail.com
219,Libbie,Childes,Poland,+74913664551,libbie_childes@gmail.com
220,Bard,Gronowe,Morocco,+67868995669,bard_gronowe@gmail.com
221,Nikita,Stappard,Netherlands,+76137635749,nikita_stappard@gmail.com
222,Bartholomeo,Aspole,Philippines,+55518546467,bartholomeo_aspole@gmail.com
223,Josefa,McCarry,Slovenia,+84657231671,josefa_mccarry@gmail.com
224,Garner,Verbrugge,Japan,+30920979180,garner_verbrugge@gmail.com
225,Matthaeus,Duffill,Luxembourg,+26260544216,matthaeus_duffill@gmail.com
226,Judie,Sotworth,Russia,+68313926324,judie_sotworth@gmail.com
227,Hanna,Darracott,France,+27935456153,hanna_darracott@gmail.com
228,Mattheus,Wark,Peru,+84668195863,mattheus_wark@gmail.com
229,Mirabelle,Scrigmour,Finland,+35026736388,mirabelle_scrigmour@gmail.com
230,Horacio,Utteridge,Brazil,+14873174862,horacio_utteridge@gmail.com
231,Rafaelita,Waulker,Russia,+37381360672,rafaelita_waulker@gmail.com
232,Darci,Perkins,Czech Republic,+10719332951,darci_perkins@gmail.com
233,Marcellus,Crosetto,Nigeria,+92120144785,marcellus_crosetto@gmail.com
234,Konstantine,Mapes,Poland,+56168007920,konstantine_mapes@gmail.com
235,Ozzie,de Courcy,Russia,+31087187452,ozzie_de courcy@gmail.com
236,Rhona,Pennock,Cuba,+90546397196,rhona_pennock@gmail.com
237,Tomlin,Giampietro,Iran,+14643212350,tomlin_giampietro@gmail.com
238,Joachim,Capner,Togo,+16456336868,joachim_capner@gmail.com
239,Francisco,Jopp,China,+99134222603,francisco_jopp@gmail.com
240,Violette,Anger,Philippines,+89243987701,violette_anger@gmail.com
241,Emilio,Gleed,Sweden,+21104175494,emilio_gleed@gmail.com
242,Eleonora,Coldbath,United Kingdom,+42573993389,eleonora_coldbath@gmail.com
243,Joseito,Tasseler,China,+76568330231,joseito_tasseler@gmail.com
244,Alasteir,Gaitone,Mexico,+33307184439,alasteir_gaitone@gmail.com
245,Kale,Nazareth,Indonesia,+13515885696,kale_nazareth@gmail.com
246,Jourdain,Mapplebeck,Ukraine,+79791034431,jourdain_mapplebeck@gmail.com
247,Glory,Kopf,China,+23704905133,glory_kopf@gmail.com
248,Rosmunda,Rosedale,United States,+89850238338,rosmunda_rosedale@gmail.com
249,Avrit,O'Farris,Poland,+80823524089,avrit_o'farris@gmail.com
250,Jenilee,Dunwoody,United States,+65490427197,jenilee_dunwoody@gmail.com
251,Ewart,Bignold,Philippines,+11105916690,ewart_bignold@gmail.com
252,Ernesta,Dever,China,+14178819576,ernesta_dever@gmail.com
253,Elberta,Coushe,Indonesia,+54248446932,elberta_coushe@gmail.com
254,Marcy,Czapla,Paraguay,+58903361616,marcy_czapla@gmail.com
255,Alvinia,Bedenham,China,+83144479925,alvinia_bedenham@gmail.com
256,Yanaton,Dodgshun,Syria,+37537451383,yanaton_dodgshun@gmail.com
257,Zandra,Jackman,Uganda,+27325160140,zandra_jackman@gmail.com
258,Lorenzo,Pennone,China,+35061626457,lorenzo_pennone@gmail.com
259,Nevins,Tenby,Indonesia,+93056500698,nevins_tenby@gmail.com
260,Cordie,Gonneau,China,+21438178528,cordie_gonneau@gmail.com
261,Bryant,Hutchins,Russia,+17882621795,bryant_hutchins@gmail.com
262,Nanni,Carrick,Venezuela,+28126645352,nanni_carrick@gmail.com
263,Odille,Yerlett,Belarus,+45913198144,odille_yerlett@gmail.com
264,Beauregard,Coytes,Canada,+81490828759,beauregard_coytes@gmail.com
265,Milicent,Delue,China,+27125274767,milicent_delue@gmail.com
266,Ellery,Daulton,Russia,+21783834630,ellery_daulton@gmail.com
267,Felipe,Zellner,Peru,+45564990856,felipe_zellner@gmail.com
268,Whitman,Cobden,Brazil,+91002193443,whitman_cobden@gmail.com
269,Myriam,Garralts,China,+87846597792,myriam_garralts@gmail.com
270,Libbie,Okenden,Angola,+99499917346,libbie_okenden@gmail.com
271,Petra,Searby,Indonesia,+58736858685,petra_searby@gmail.com
272,Roze,Barnhart,Russia,+97021686147,roze_barnhart@gmail.com
273,Bette-ann,Helversen,Portugal,+48608027972,bette-ann_helversen@gmail.com
274,Raychel,Sey,Portugal,+49315642107,raychel_sey@gmail.com
275,Julie,Mathison,Finland,+99986254027,julie_mathison@gmail.com
276,Rutger,Loakes,Ivory Coast,+42980045958,rutger_loakes@gmail.com
277,Rodrigo,Druce,China,+95957756196,rodrigo_druce@gmail.com
278,Karylin,Mabbe,Poland,+41381014393,karylin_mabbe@gmail.com
279,Angelico,McMennum,Indonesia,+75910950845,angelico_mcmennum@gmail.com
280,L;urette,Allridge,Indonesia,+18125440499,l;urette_allridge@gmail.com
281,Vachel,Ruff,Bosnia and Herzegovina,+94756190854,vachel_ruff@gmail.com
282,Faye,Pavyer,Poland,+51095592091,faye_pavyer@gmail.com
283,Koralle,Fremantle,Mexico,+26671669259,koralle_fremantle@gmail.com
284,Pennie,Tewkesbury,Poland,+62917672451,pennie_tewkesbury@gmail.com
285,Ephrem,Titterrell,Mongolia,+92066885987,ephrem_titterrell@gmail.com
286,Welby,Purchon,Poland,+66428059170,welby_purchon@gmail.com
287,Joelynn,Camili,China,+51747781636,joelynn_camili@gmail.com
288,Davina,Gillie,Poland,+77734777144,davina_gillie@gmail.com
289,Major,Vicent,Tuvalu,+70645836282,major_vicent@gmail.com
290,Sandie,Dagleas,France,+57686231607,sandie_dagleas@gmail.com
291,Ewell,Deignan,Philippines,+47650738311,ewell_deignan@gmail.com
292,Sidney,Jersch,Philippines,+20914285356,sidney_jersch@gmail.com
293,Truman,Carleton,Slovenia,+66109454054,truman_carleton@gmail.com
294,Willyt,Ferrillio,China,+39031757252,willyt_ferrillio@gmail.com
295,Olivier,Kingham,Sweden,+71660407916,olivier_kingham@gmail.com
296,Estevan,Kobpac,Pakistan,+45014510188,estevan_kobpac@gmail.com
297,Euphemia,Rust,Peru,+27639340082,euphemia_rust@gmail.com
298,Janette,Beakes,Indonesia,+55269048885,janette_beakes@gmail.com
299,Taffy,Getten,China,+83147603964,taffy_getten@gmail.com
300,Bernardo,Bartoszek,China,+41412086253,bernardo_bartoszek@gmail.com
301,Hagan,McCowan,Portugal,+71883835127,hagan_mccowan@gmail.com
302,Gabbie,Feifer,Philippines,+30385529988,gabbie_feifer@gmail.com
303,Carolee,Milazzo,Portugal,+86878010879,carolee_milazzo@gmail.com
304,Lynnet,Baines,Portugal,+76150072698,lynnet_baines@gmail.com
305,Goldia,Folli,Indonesia,+75044964489,goldia_folli@gmail.com
306,Guinna,Borgars,Japan,+67901648942,guinna_borgars@gmail.com
307,Welbie,Alfonso,Japan,+21224001105,welbie_alfonso@gmail.com
308,Portia,Stollhofer,Sweden,+11994621501,portia_stollhofer@gmail.com
309,Chrisy,Jakovijevic,Indonesia,+43595467499,chrisy_jakovijevic@gmail.com
310,Harcourt,Attree,Honduras,+70962423712,harcourt_attree@gmail.com
311,Maynard,Heintze,Poland,+15456340747,maynard_heintze@gmail.com
312,Claybourne,Toderi,China,+75755479759,claybourne_toderi@gmail.com
313,Rivy,Cayford,Indonesia,+11754628483,rivy_cayford@gmail.com
314,Beatrix,Bartol,Brazil,+55364575263,beatrix_bartol@gmail.com
315,Romola,Mattiuzzi,Latvia,+42020684393,romola_mattiuzzi@gmail.com
316,Harriette,Kees,Russia,+83195396922,harriette_kees@gmail.com
317,Tobias,Brundale,China,+36905108544,tobias_brundale@gmail.com
318,Nicolle,Satford,Ukraine,+95775801521,nicolle_satford@gmail.com
319,Roderigo,Addinall,New Zealand,+69001734504,roderigo_addinall@gmail.com
320,Crystie,Luca,Indonesia,+91678353526,crystie_luca@gmail.com
321,Emlyn,Carmont,Indonesia,+43655704688,emlyn_carmont@gmail.com
322,Kellby,O'Kane,Poland,+60005415660,kellby_o'kane@gmail.com
323,Lilah,Rylatt,Vietnam,+64483802604,lilah_rylatt@gmail.com
324,Kayla,Saffon,Indonesia,+91410191810,kayla_saffon@gmail.com
325,Mareah,Prior,Lithuania,+33094783136,mareah_prior@gmail.com
326,Gordon,Wakelin,Guatemala,+16408923312,gordon_wakelin@gmail.com
327,Cherry,Tigner,Ireland,+20324113637,cherry_tigner@gmail.com
328,Carey,Morter,Ukraine,+43615108442,carey_morter@gmail.com
329,Corilla,Grahlmans,Russia,+19835339423,corilla_grahlmans@gmail.com
330,Ray,Fearey,Philippines,+43242108136,ray_fearey@gmail.com
331,Wilburt,Gooderham,Philippines,+14980790920,wilburt_gooderham@gmail.com
332,Katine,Ollenbuttel,Indonesia,+62020467485,katine_ollenbuttel@gmail.com
333,Ardella,Gollop,Indonesia,+66448135194,ardella_gollop@gmail.com
334,Christopher,Luis,Philippines,+22009671647,christopher_luis@gmail.com
335,Collete,Cockell,Indonesia,+67114797615,collete_cockell@gmail.com
336,Maxine,Ganning,Peru,+81202050849,maxine_ganning@gmail.com
337,Brittni,de Amaya,Thailand,+24080629604,brittni_de amaya@gmail.com
338,Birdie,Bettenay,United States,+30387273754,birdie_bettenay@gmail.com
339,Germain,Teggin,Japan,+29198202353,germain_teggin@gmail.com
340,Anabella,Goundsy,Portugal,+48770239855,anabella_goundsy@gmail.com
341,Zitella,Shrubb,Oman,+29049946157,zitella_shrubb@gmail.com
342,Nico,Shevels,Vietnam,+35834311707,nico_shevels@gmail.com
343,Viviana,Boniface,Brazil,+18377538528,viviana_boniface@gmail.com
344,Brynna,McColl,Netherlands,+13234900888,brynna_mccoll@gmail.com
345,Kathie,Trenchard,Colombia,+52285774358,kathie_trenchard@gmail.com
346,Cami,Partleton,China,+49019119755,cami_partleton@gmail.com
347,Bernette,Godin,Sweden,+72341013356,bernette_godin@gmail.com
348,Rosalinda,Riley,Portugal,+35090378220,rosalinda_riley@gmail.com
349,Nicoline,Heistermann,Portugal,+66893626981,nicoline_heistermann@gmail.com
350,Monti,De Carolis,China,+84598045392,monti_de carolis@gmail.com
351,Tiff,Amphlett,Poland,+35303123636,tiff_amphlett@gmail.com
352,Reginald,Guerry,Indonesia,+73950301784,reginald_guerry@gmail.com
353,Tyson,Heffron,Cyprus,+86235923239,tyson_heffron@gmail.com
354,Britt,Schulter,China,+58598217450,britt_schulter@gmail.com
355,Seka,Scandrett,Argentina,+25924980952,seka_scandrett@gmail.com
356,Shae,Mayfield,Peru,+30304457624,shae_mayfield@gmail.com
357,Chantalle,LeEstut,China,+17636570405,chantalle_leestut@gmail.com
358,Eduardo,Dawidowicz,Norway,+94271340170,eduardo_dawidowicz@gmail.com
359,Claudette,Langdale,Philippines,+78755016561,claudette_langdale@gmail.com
360,Kerri,Ajam,Bolivia,+39258198616,kerri_ajam@gmail.com
361,Hector,Sturm,Tanzania,+13456490930,hector_sturm@gmail.com
362,Antone,Gentry,Poland,+73013792681,antone_gentry@gmail.com
363,Johnny,Behninck,Norway,+29099913659,johnny_behninck@gmail.com
364,Codi,Sibbons,China,+38111087636,codi_sibbons@gmail.com
365,Caria,Benard,China,+29015748297,caria_benard@gmail.com
366,Othello,Spriggs,South Africa,+35937524450,othello_spriggs@gmail.com
367,Madelaine,Lacky,Namibia,+22029358461,madelaine_lacky@gmail.com
368,Averil,Ekkel,United States,+86319163908,averil_ekkel@gmail.com
369,Darby,Bonde,Ukraine,+92994279695,darby_bonde@gmail.com
370,Garret,Oxbe,Morocco,+21577763995,garret_oxbe@gmail.com
371,Kimble,Cable,Pakistan,+34135093120,kimble_cable@gmail.com
372,Edith,Kaysor,Chad,+29261291398,edith_kaysor@gmail.com
373,Alphard,McGeachie,Canada,+62503195793,alphard_mcgeachie@gmail.com
374,Halsey,Capponer,Russia,+72815955193,halsey_capponer@gmail.com
375,Link,Dowles,Indonesia,+46656352052,link_dowles@gmail.com
376,Jonis,McGrill,Greece,+55195343301,jonis_mcgrill@gmail.com
377,Helga,Arbuckel,China,+91372104499,helga_arbuckel@gmail.com
378,Mycah,Tisor,Norway,+27595405598,mycah_tisor@gmail.com
379,Berke,Clem,Kuwait,+92374813178,berke_clem@gmail.com
380,Raye,Millsom,Libya,+78882369260,raye_millsom@gmail.com
381,Clarey,Kalinsky,China,+12956146952,clarey_kalinsky@gmail.com
382,Felipe,Sushams,Kyrgyzstan,+48408589221,felipe_sushams@gmail.com
383,Arline,Ellen,Brazil,+24426654155,arline_ellen@gmail.com
384,Agustin,Goulthorp,Slovenia,+82042236331,agustin_goulthorp@gmail.com
385,Cyril,Carlin,China,+53569567268,cyril_carlin@gmail.com
386,Britney,Clementet,Albania,+66858545990,britney_clementet@gmail.com
387,Nada,Spracklin,Indonesia,+32259645327,nada_spracklin@gmail.com
388,Nelia,Bugs,Palestinian Territory,+59123112233,nelia_bugs@gmail.com
389,Valera,Petlyura,Czech Republic,+86498870037,valera_petlyura@gmail.com
390,Mareah,Ambrosch,France,+73798166647,mareah_ambrosch@gmail.com
391,Cecil,Cordet,Papua New Guinea,+79613846467,cecil_cordet@gmail.com
392,Gael,Anear,East Timor,+79830520885,gael_anear@gmail.com
393,Willetta,Tallow,Indonesia,+97589854608,willetta_tallow@gmail.com
394,Winnifred,Osmant,Luxembourg,+73483718777,winnifred_osmant@gmail.com
395,Basil,Clelle,South Africa,+18879447332,basil_clelle@gmail.com
396,Adrienne,Sooley,Kazakhstan,+68622144517,adrienne_sooley@gmail.com
397,Melba,Aslie,China,+99976509367,melba_aslie@gmail.com
398,Lanni,Fippe,Portugal,+16300753725,lanni_fippe@gmail.com
399,Noni,Tether,Colombia,+76609815932,noni_tether@gmail.com
400,Alejandra,Isaacson,China,+63395884368,alejandra_isaacson@gmail.com
401,Hadleigh,Giocannoni,Indonesia,+10199133049,hadleigh_giocannoni@gmail.com
402,Hy,Kase,China,+19434912777,hy_kase@gmail.com
403,Vita,Bernath,Indonesia,+72526282605,vita_bernath@gmail.com
404,Cristy,Tregido,Saudi Arabia,+81147474310,cristy_tregido@gmail.com
405,Ancell,Bownde,Russia,+72066812319,ancell_bownde@gmail.com
406,Maurie,Crenage,Thailand,+56826999514,maurie_crenage@gmail.com
407,Cathleen,Dowers,Dominican Republic,+28203667240,cathleen_dowers@gmail.com
408,Milzie,Pilley,China,+66188377069,milzie_pilley@gmail.com
409,Rana,Sidnall,Indonesia,+21273673872,rana_sidnall@gmail.com
410,Leo,Checchi,Russia,+93844477286,leo_checchi@gmail.com
411,Upton,Gladdish,Netherlands,+47287782781,upton_gladdish@gmail.com
412,Collin,Sprowles,China,+61157321484,collin_sprowles@gmail.com
413,Odele,Shiel,France,+38778574515,odele_shiel@gmail.com
414,Arielle,Jachimczak,Ukraine,+96445367866,arielle_jachimczak@gmail.com
415,Ingeborg,Houlworth,China,+48709608460,ingeborg_houlworth@gmail.com
416,Ashleigh,Atwood,Norway,+73333951309,ashleigh_atwood@gmail.com
417,Feliza,Varsey,Argentina,+84433507710,feliza_varsey@gmail.com
418,Gaspar,Qusklay,Ecuador,+44164958897,gaspar_qusklay@gmail.com
419,Wadsworth,Vallance,Albania,+89479561276,wadsworth_vallance@gmail.com
420,Freedman,Dignall,Philippines,+63073243517,freedman_dignall@gmail.com
421,Laurette,Rowes,Latvia,+12973685158,laurette_rowes@gmail.com
422,Jacqueline,Attow,North Korea,+99781059167,jacqueline_attow@gmail.com
423,Saloma,Duke,Myanmar,+62229402575,saloma_duke@gmail.com
424,Zaria,Rivenzon,Colombia,+57778470236,zaria_rivenzon@gmail.com
425,Dasha,Sute,Russia,+87580222636,dasha_sute@gmail.com
426,Brooke,Stolting,China,+47495104573,brooke_stolting@gmail.com
427,Siouxie,Coolahan,Portugal,+89206645447,siouxie_coolahan@gmail.com
428,Gae,Melding,Indonesia,+35267815972,gae_melding@gmail.com
429,Giuseppe,Dwine,China,+10677208457,giuseppe_dwine@gmail.com
430,Alberik,Mursell,China,+89848861738,alberik_mursell@gmail.com
431,Johann,Crush,Sri Lanka,+12035309407,johann_crush@gmail.com
432,Rudyard,Cramphorn,France,+67071063587,rudyard_cramphorn@gmail.com
433,Dallis,Stokey,Honduras,+56252841799,dallis_stokey@gmail.com
434,Cordie,Staines,France,+27168777048,cordie_staines@gmail.com
435,Teri,Lampard,Bosnia and Herzegovina,+95060394233,teri_lampard@gmail.com
436,Baudoin,Peevor,Philippines,+45238177381,baudoin_peevor@gmail.com
437,Shanan,Nazer,Spain,+41485534018,shanan_nazer@gmail.com
438,Daisi,Hawkswood,Brazil,+68971426180,daisi_hawkswood@gmail.com
439,Weylin,Potes,Brazil,+96742789738,weylin_potes@gmail.com
440,Nerita,Roussell,Poland,+67161940440,nerita_roussell@gmail.com
441,Devlen,Hovey,Indonesia,+12643903995,devlen_hovey@gmail.com
442,Emilio,Muschette,Niger,+84051240597,emilio_muschette@gmail.com
443,Penelope,Saffen,China,+30291671309,penelope_saffen@gmail.com
444,Veronica,Sanchez,Colombia,+80819308580,veronica_sanchez@gmail.com
445,Lombard,Skures,China,+94745989498,lombard_skures@gmail.com
446,Antons,Agglione,Russia,+99269102092,antons_agglione@gmail.com
447,Heloise,Antill,Thailand,+72421191088,heloise_antill@gmail.com
448,Sheppard,Trowell,Philippines,+69603487882,sheppard_trowell@gmail.com
449,Othelia,Alliott,Russia,+97819343028,othelia_alliott@gmail.com
450,Luke,Jerke,Russia,+91144900461,luke_jerke@gmail.com
451,Daren,Steet,Poland,+99343691826,daren_steet@gmail.com
452,Codi,Fullerton,Poland,+38035887927,codi_fullerton@gmail.com
453,Doti,Hanmore,Indonesia,+54699904336,doti_hanmore@gmail.com
454,Jenni,Garlett,Poland,+16227545539,jenni_garlett@gmail.com
455,Sheena,Gages,Russia,+21012359952,sheena_gages@gmail.com
456,Denis,Prescote,Egypt,+86693090825,denis_prescote@gmail.com
457,Maighdiln,Lillecrap,Brazil,+60699594851,maighdiln_lillecrap@gmail.com
458,Clark,Fredson,France,+83709700564,clark_fredson@gmail.com
459,Barbara,Baignard,Serbia,+47721889143,barbara_baignard@gmail.com
460,Kennie,Chaikovski,China,+86758042136,kennie_chaikovski@gmail.com
461,Anson,Happer,China,+55194676841,anson_happer@gmail.com
462,Miriam,Cordelle,Poland,+21615976763,miriam_cordelle@gmail.com
463,Martelle,Moy,Czech Republic,+87767562921,martelle_moy@gmail.com
464,Danny,Deaville,Peru,+91481778807,danny_deaville@gmail.com
465,Laraine,Birkby,Portugal,+23128912158,laraine_birkby@gmail.com
466,Tedra,Curds,Russia,+79905577952,tedra_curds@gmail.com
467,Bernette,Champley,Ecuador,+80662188430,bernette_champley@gmail.com
468,Link,Faires,Tuvalu,+89394267135,link_faires@gmail.com
469,Lon,Cudbird,Namibia,+18232712304,lon_cudbird@gmail.com
470,Tome,Comiskey,Japan,+50507753190,tome_comiskey@gmail.com
471,Shawn,Scadding,Sweden,+78167208869,shawn_scadding@gmail.com
472,Silvester,Hammill,Czech Republic,+50288284399,silvester_hammill@gmail.com
473,Terrye,Bromley,China,+34511983746,terrye_bromley@gmail.com
474,Harman,Blackborow,France,+85606495688,harman_blackborow@gmail.com
475,Eileen,Morgan,Sweden,+40372647493,eileen_morgan@gmail.com
476,Maddie,Concannon,Russia,+94235015203,maddie_concannon@gmail.com
477,Kerianne,Pascall,Brazil,+49147168545,kerianne_pascall@gmail.com
478,Irena,Pickersgill,Croatia,+12987417365,irena_pickersgill@gmail.com
479,Felice,Cathro,China,+60443817656,felice_cathro@gmail.com
480,Aaren,Yockley,Poland,+51155328017,aaren_yockley@gmail.com
481,Trevor,Pollen,Portugal,+39770592761,trevor_pollen@gmail.com
482,Nat,Patty,China,+90070527009,nat_patty@gmail.com
483,Samara,Rogger,Norway,+40757367610,samara_rogger@gmail.com
484,Robenia,Burvill,Bahamas,+83257590704,robenia_burvill@gmail.com
485,Tanney,Grisewood,China,+18416637368,tanney_grisewood@gmail.com
486,Anthia,Danielovitch,Brazil,+91981447617,anthia_danielovitch@gmail.com
487,Victoir,Rakestraw,Indonesia,+80375419978,victoir_rakestraw@gmail.com
488,Jinny,McElrea,Bulgaria,+69246874666,jinny_mcelrea@gmail.com
489,Amerigo,Marshfield,Indonesia,+71475776027,amerigo_marshfield@gmail.com
490,Ronna,Kinman,Democratic Republic of the Congo,+84919196910,ronna_kinman@gmail.com
491,Stanislaus,Butt Gow,Sweden,+23093922338,stanislaus_butt gow@gmail.com
492,Donnajean,Colisbe,Canada,+96807782452,donnajean_colisbe@gmail.com
493,Dagmar,Lintin,China,+37690628378,dagmar_lintin@gmail.com
494,Gaylord,Ekell,Indonesia,+72085784370,gaylord_ekell@gmail.com
495,Adelle,Brickstock,Indonesia,+61180451034,adelle_brickstock@gmail.com
496,Tandie,Pawelec,Thailand,+83405564563,tandie_pawelec@gmail.com
497,Hasheem,Haeslier,China,+65477975682,hasheem_haeslier@gmail.com
498,Ruggiero,Tarbet,Czech Republic,+45865442704,ruggiero_tarbet@gmail.com
499,Guglielma,Darlaston,Egypt,+57590910344,guglielma_darlaston@gmail.com
500,Ag,Chasteau,Indonesia,+81990707664,ag_chasteau@gmail.com
501,Cammy,Bowick,Indonesia,+51408233803,cammy_bowick@gmail.com
502,Reynold,Quickfall,Philippines,+69456495154,reynold_quickfall@gmail.com
503,Kevyn,Lightowler,Chad,+69726723285,kevyn_lightowler@gmail.com
504,Jasmina,Gibbon,Russia,+64311930148,jasmina_gibbon@gmail.com
505,Devlen,Jeannequin,Vietnam,+91866918372,devlen_jeannequin@gmail.com
506,Joelle,Pardi,Philippines,+17537809847,joelle_pardi@gmail.com
507,Oralee,Mish,Colombia,+95756536673,oralee_mish@gmail.com
508,Tonye,Gieraths,China,+83540143814,tonye_gieraths@gmail.com
509,Shanan,Farrants,Colombia,+35987729002,shanan_farrants@gmail.com
510,Aubry,Gerding,Zimbabwe,+64865219810,aubry_gerding@gmail.com
511,Duff,Denham,China,+66013258268,duff_denham@gmail.com
512,Kelley,Pallaske,Indonesia,+44044761199,kelley_pallaske@gmail.com
513,Jade,Koppe,France,+54046069789,jade_koppe@gmail.com
514,Even,Bulley,Japan,+93055314072,even_bulley@gmail.com
515,Maxi,Henner,Slovenia,+76137340372,maxi_henner@gmail.com
516,Floyd,Daykin,Brazil,+15288357363,floyd_daykin@gmail.com
517,Shell,Shewery,China,+82497903655,shell_shewery@gmail.com
518,Ewart,Cajkler,Brazil,+95577221648,ewart_cajkler@gmail.com
519,Sindee,Foulgham,France,+88287593890,sindee_foulgham@gmail.com
520,Nye,Limer,Afghanistan,+34569308869,nye_limer@gmail.com
521,Ynes,Townley,Dominican Republic,+10240986314,ynes_townley@gmail.com
522,Lissy,Willoughway,Peru,+50360301451,lissy_willoughway@gmail.com
523,Franciskus,Nornasell,Brazil,+84355794521,franciskus_nornasell@gmail.com
524,Akim,Denacamp,Mexico,+76582464568,akim_denacamp@gmail.com
525,Thorndike,Riseam,Georgia,+55708527952,thorndike_riseam@gmail.com
526,Rennie,Roughley,Ukraine,+18985022526,rennie_roughley@gmail.com
527,Midge,Richardson,China,+64453819287,midge_richardson@gmail.com
528,Harmonie,Stubbeley,Portugal,+46681451723,harmonie_stubbeley@gmail.com
529,Lon,Gendrich,China,+22501924751,lon_gendrich@gmail.com
530,Margalo,Hallan,France,+96036379928,margalo_hallan@gmail.com
531,Warde,Weathers,Ukraine,+63575148500,warde_weathers@gmail.com
532,Adena,Lace,Philippines,+73657611405,adena_lace@gmail.com
533,Andre,Bradborne,Russia,+23112201578,andre_bradborne@gmail.com
534,Yard,De Fries,Czech Republic,+61240426753,yard_de fries@gmail.com
535,Simona,Knee,United States,+75393194888,simona_knee@gmail.com
536,Gertrude,Mathison,Indonesia,+99697136048,gertrude_mathison@gmail.com
537,Cob,Clewes,Indonesia,+77739275022,cob_clewes@gmail.com
538,Ariela,Scotney,Philippines,+29832093938,ariela_scotney@gmail.com
539,Elli,Upex,Thailand,+20732793829,elli_upex@gmail.com
540,Rey,Sember,Indonesia,+55085554909,rey_sember@gmail.com
541,Julissa,Giannazzi,Ukraine,+21669268727,julissa_giannazzi@gmail.com
542,Floyd,Frayn,Argentina,+97423752455,floyd_frayn@gmail.com
543,Ofelia,MacAfee,Russia,+97990222221,ofelia_macafee@gmail.com
544,Yoko,McNaughton,Armenia,+86230809976,yoko_mcnaughton@gmail.com
545,Westley,Ollerhad,Russia,+90209319908,westley_ollerhad@gmail.com
546,Halimeda,Whiterod,Mongolia,+32049511432,halimeda_whiterod@gmail.com
547,Levey,Cockaday,China,+19108604090,levey_cockaday@gmail.com
548,Goldia,Gaule,Belarus,+37530836580,goldia_gaule@gmail.com
549,Ainslie,Becken,Thailand,+38845436761,ainslie_becken@gmail.com
550,Rosalie,Athridge,Russia,+70998526825,rosalie_athridge@gmail.com
551,Maryjane,O'Neill,France,+87745204807,maryjane_o'neill@gmail.com
552,Hercule,Sausman,Latvia,+98785924187,hercule_sausman@gmail.com
553,Leah,Wilford,Uruguay,+63744977029,leah_wilford@gmail.com
554,Margi,Weeden,Guatemala,+17210040416,margi_weeden@gmail.com
555,Katrinka,Brettor,China,+14044786920,katrinka_brettor@gmail.com
556,Eldredge,Cordell,Indonesia,+99655023775,eldredge_cordell@gmail.com
557,Nanette,Kitchiner,Indonesia,+77636826376,nanette_kitchiner@gmail.com
558,Dallas,Kirkup,Russia,+23231799626,dallas_kirkup@gmail.com
559,Veriee,Cudbird,Portugal,+77947928688,veriee_cudbird@gmail.com
560,Donica,Ingry,Indonesia,+58900519916,donica_ingry@gmail.com
561,Robbin,Cairns,Czech Republic,+63236945456,robbin_cairns@gmail.com
562,Lowrance,Mangion,Russia,+96239645457,lowrance_mangion@gmail.com
563,Reube,Bondar,Indonesia,+35563652319,reube_bondar@gmail.com
564,Sonny,Profit,Kyrgyzstan,+36660662519,sonny_profit@gmail.com
565,Dallis,De Normanville,Greece,+34196309836,dallis_de normanville@gmail.com
566,Lilia,Pickford,United States,+35872108781,lilia_pickford@gmail.com
567,Miles,Bertomeu,Brazil,+40444392039,miles_bertomeu@gmail.com
568,Dickie,Creed,Sweden,+64709498494,dickie_creed@gmail.com
569,Tabor,Pavlenko,Indonesia,+93163373340,tabor_pavlenko@gmail.com
570,Bink,Matchitt,Indonesia,+74243284204,bink_matchitt@gmail.com
571,Oberon,Halsall,United States,+34060248654,oberon_halsall@gmail.com
572,Chico,Skeats,China,+80477991807,chico_skeats@gmail.com
573,Blake,Weatherup,Honduras,+83122305959,blake_weatherup@gmail.com
574,Ottilie,Antoniat,Peru,+48310094003,ottilie_antoniat@gmail.com
575,Marissa,Jeavon,Czech Republic,+70535615975,marissa_jeavon@gmail.com
576,Robby,Coat,Kazakhstan,+48492727593,robby_coat@gmail.com
577,Dewey,Lackemann,Israel,+53469065884,dewey_lackemann@gmail.com
578,Philis,Mott,Albania,+27590865737,philis_mott@gmail.com
579,Gianina,Forge,Indonesia,+66576962567,gianina_forge@gmail.com
580,Nedda,Sapauton,United States,+25368526294,nedda_sapauton@gmail.com
581,Babara,Harcus,Indonesia,+41987440521,babara_harcus@gmail.com
582,Feodor,Zealey,Somalia,+68697540802,feodor_zealey@gmail.com
583,Cathie,Gayne,Nepal,+90409053787,cathie_gayne@gmail.com
584,Toddy,Kitney,Brazil,+75815037768,toddy_kitney@gmail.com
585,Reynolds,Giscken,Tuvalu,+80640416574,reynolds_giscken@gmail.com
586,Liam,Zannetti,Brazil,+83477241690,liam_zannetti@gmail.com
587,Irene,Robbert,China,+21322405166,irene_robbert@gmail.com
588,Lucas,Scholtis,United States,+97855599665,lucas_scholtis@gmail.com
589,Boyce,Jeschner,China,+66149898724,boyce_jeschner@gmail.com
590,Culver,Comellini,Poland,+37952054269,culver_comellini@gmail.com
591,Blake,Rollitt,Morocco,+71288866065,blake_rollitt@gmail.com
592,Georgie,Gledhall,China,+54360098557,georgie_gledhall@gmail.com
593,Lyon,Calles,China,+35662114199,lyon_calles@gmail.com
594,Melinda,Copcote,United States,+80458649420,melinda_copcote@gmail.com
595,Maurizia,Isoldi,Cuba,+71390191133,maurizia_isoldi@gmail.com
596,Angeline,McDermott-Row,Philippines,+82414382794,angeline_mcdermott-row@gmail.com
597,Erika,Hannaby,China,+16805853336,erika_hannaby@gmail.com
598,Madeleine,Eagleton,India,+92375517495,madeleine_eagleton@gmail.com
599,Ham,Mewton,Brazil,+80571522977,ham_mewton@gmail.com
600,Alida,Jecks,South Africa,+53192022893,alida_jecks@gmail.com
601,Ermentrude,Pisculli,France,+28874475804,ermentrude_pisculli@gmail.com
602,Berget,Matisoff,Peru,+44852195243,berget_matisoff@gmail.com
603,Briant,Berard,France,+94380969485,briant_berard@gmail.com
604,Gwenneth,Manderson,Colombia,+11441058074,gwenneth_manderson@gmail.com
605,Maggi,Bywater,Palestinian Territory,+88122747423,maggi_bywater@gmail.com
606,Melissa,Casella,Norway,+32494696493,melissa_casella@gmail.com
607,Shaughn,Loker,Serbia,+23487443411,shaughn_loker@gmail.com
608,Georgianne,Widdowes,Brazil,+61705386837,georgianne_widdowes@gmail.com
609,Vanni,Childs,Indonesia,+82508650304,vanni_childs@gmail.com
610,Oates,Grimster,Philippines,+71978250139,oates_grimster@gmail.com
611,Yule,Stoyles,Sweden,+25316517408,yule_stoyles@gmail.com
612,Clement,Danser,Indonesia,+96442530312,clement_danser@gmail.com
613,Merrick,Lynock,Portugal,+25818637050,merrick_lynock@gmail.com
614,Desiri,Perillio,Poland,+72951931072,desiri_perillio@gmail.com
615,Gerhardt,Traves,Czech Republic,+40150320868,gerhardt_traves@gmail.com
616,Lockwood,Bettesworth,Argentina,+67719024032,lockwood_bettesworth@gmail.com
617,Elianore,MacKall,Czech Republic,+67778893630,elianore_mackall@gmail.com
618,Eveleen,Spurrior,China,+36523621645,eveleen_spurrior@gmail.com
619,Demetris,Cochern,Indonesia,+24190437298,demetris_cochern@gmail.com
620,Geri,Brockie,Indonesia,+59675192691,geri_brockie@gmail.com
621,Valerie,Boulde,Croatia,+54570021294,valerie_boulde@gmail.com
622,Tiffy,Canter,Indonesia,+59057635221,tiffy_canter@gmail.com
623,Archy,Mitford,China,+38647966907,archy_mitford@gmail.com
624,Gaylene,Keig,Brazil,+91319122142,gaylene_keig@gmail.com
625,Rosetta,Kilbourn,Ukraine,+37845086640,rosetta_kilbourn@gmail.com
626,Arley,Vicker,South Korea,+43576832143,arley_vicker@gmail.com
627,Hastie,Foulgham,Canada,+96732978998,hastie_foulgham@gmail.com
628,Nalani,Myring,Brazil,+61587915547,nalani_myring@gmail.com
629,Lucho,Chestney,Finland,+34062782132,lucho_chestney@gmail.com
630,Revkah,Shepheard,Sweden,+82486012244,revkah_shepheard@gmail.com
631,Graham,Carrigan,Sweden,+25993469252,graham_carrigan@gmail.com
632,Tiffany,Raccio,Brazil,+92399293818,tiffany_raccio@gmail.com
633,Hyman,Trainer,Portugal,+14388463518,hyman_trainer@gmail.com
634,Boycie,Vannucci,Indonesia,+31853142663,boycie_vannucci@gmail.com
635,Kristina,Di Carlo,Peru,+59178658628,kristina_di carlo@gmail.com
636,Devonne,Duckit,China,+11905911615,devonne_duckit@gmail.com
637,Junia,Lannen,United States,+70823523216,junia_lannen@gmail.com
638,Hyacinthia,Hallet,Indonesia,+40914151476,hyacinthia_hallet@gmail.com
639,Cesar,Worman,Nicaragua,+73925415294,cesar_worman@gmail.com
640,Henrietta,Enrico,Brazil,+72341169321,henrietta_enrico@gmail.com
641,Dottie,Darkins,Czech Republic,+21673429922,dottie_darkins@gmail.com
642,Conney,Iannetti,Sweden,+79735550024,conney_iannetti@gmail.com
643,Jason,Sebrook,Nigeria,+15591697236,jason_sebrook@gmail.com
644,Godfry,Sommerling,Sweden,+84202195554,godfry_sommerling@gmail.com
645,Jo-anne,Josefovic,Indonesia,+29348420611,jo-anne_josefovic@gmail.com
646,Devin,MacConnechie,Russia,+76512968075,devin_macconnechie@gmail.com
647,Aube,Artist,Azerbaijan,+65509000687,aube_artist@gmail.com
648,Storm,Godball,Iran,+83770984884,storm_godball@gmail.com
649,Bambi,Govinlock,Afghanistan,+19226803021,bambi_govinlock@gmail.com
650,Delia,Strelitzki,Uzbekistan,+65525891790,delia_strelitzki@gmail.com
651,Nero,Cowdery,Pakistan,+90853469069,nero_cowdery@gmail.com
652,Antoinette,Jiggen,Indonesia,+73392122815,antoinette_jiggen@gmail.com
653,Jae,Spurdens,South Africa,+93321964576,jae_spurdens@gmail.com
654,Kaela,Hexter,Canada,+71093523328,kaela_hexter@gmail.com
655,Marianna,Jessope,Zambia,+48478118011,marianna_jessope@gmail.com
656,Chancey,Ridolfi,China,+29225906141,chancey_ridolfi@gmail.com
657,Darleen,Dachs,China,+58236060635,darleen_dachs@gmail.com
658,Alvina,Burdass,China,+29466535006,alvina_burdass@gmail.com
659,Rochella,Arlott,Indonesia,+90491610850,rochella_arlott@gmail.com
660,Andrea,Guard,Sudan,+14693609441,andrea_guard@gmail.com
661,Jemie,Cinderey,Indonesia,+67532061092,jemie_cinderey@gmail.com
662,Jeno,Speares,United States,+50447573503,jeno_speares@gmail.com
663,Jens,McIvor,Poland,+56968770629,jens_mcivor@gmail.com
664,Griff,Evershed,China,+73655667022,griff_evershed@gmail.com
665,Auroora,Landsberg,Belgium,+32971315666,auroora_landsberg@gmail.com
666,Sonnie,Tommasuzzi,China,+81615850430,sonnie_tommasuzzi@gmail.com
667,Robby,Connock,Chile,+21412470853,robby_connock@gmail.com
668,Donella,Horley,Chad,+80972475184,donella_horley@gmail.com
669,Ianthe,Hadingham,Czech Republic,+63112099542,ianthe_hadingham@gmail.com
670,Perry,Kalisch,Philippines,+14642823596,perry_kalisch@gmail.com
671,Wake,Wilson,Poland,+59713856117,wake_wilson@gmail.com
672,Torr,Shepley,Syria,+36004113249,torr_shepley@gmail.com
673,Inge,Road,Portugal,+26672070540,inge_road@gmail.com
674,Emlyn,Hutley,Vietnam,+63032711280,emlyn_hutley@gmail.com
675,Temp,Swinerd,Central African Republic,+74934819707,temp_swinerd@gmail.com
676,Jane,Norbury,Indonesia,+27711938464,jane_norbury@gmail.com
677,Farris,Chessell,Indonesia,+49435615198,farris_chessell@gmail.com
678,Gar,Longstreeth,Brazil,+27485390544,gar_longstreeth@gmail.com
679,Hinze,Merriday,Ukraine,+62289454057,hinze_merriday@gmail.com
680,Ara,Dooman,Brazil,+89839795895,ara_dooman@gmail.com
681,Christa,Maltman,Philippines,+98771863637,christa_maltman@gmail.com
682,Fiann,Cardenas,Poland,+25376201032,fiann_cardenas@gmail.com
683,Annabelle,De Francisci,Moldova,+43860473019,annabelle_de francisci@gmail.com
684,Davita,Roos,Belarus,+16514802516,davita_roos@gmail.com
685,Roseanne,Linggard,Canada,+86525512407,roseanne_linggard@gmail.com
686,Timi,Ceaplen,Gambia,+51832527481,timi_ceaplen@gmail.com
687,Idell,Blacklock,Iran,+35136543749,idell_blacklock@gmail.com
688,Alric,Rate,Venezuela,+59013383077,alric_rate@gmail.com
689,Udall,Longrigg,Brazil,+27071739116,udall_longrigg@gmail.com
690,Biron,Earles,Brazil,+12303655534,biron_earles@gmail.com
691,Lacey,McAuslan,Brazil,+71543435794,lacey_mcauslan@gmail.com
692,Leonerd,Proctor,Sweden,+29266223153,leonerd_proctor@gmail.com
693,Dorthea,Billes,Mongolia,+70568026418,dorthea_billes@gmail.com
694,Ashlen,Jakubovics,Philippines,+79241674149,ashlen_jakubovics@gmail.com
695,Gabrila,Morais,Argentina,+11762801501,gabrila_morais@gmail.com
696,Sawyere,Lucus,South Africa,+79514960335,sawyere_lucus@gmail.com
697,Wenonah,O' Liddy,Russia,+12395714000,wenonah_o' liddy@gmail.com
698,Rouvin,Mathevon,Uganda,+48286919541,rouvin_mathevon@gmail.com
699,Cullan,Penniell,Sweden,+83437286150,cullan_penniell@gmail.com
700,Abraham,Eric,Indonesia,+53553524374,abraham_eric@gmail.com
701,Leyla,Roughley,Sweden,+25249019896,leyla_roughley@gmail.com
702,Mariquilla,Cuckoo,Philippines,+13404578308,mariquilla_cuckoo@gmail.com
703,Shandee,Downey,Zimbabwe,+32774215664,shandee_downey@gmail.com
704,Pincus,Linfoot,Croatia,+27375069967,pincus_linfoot@gmail.com
705,Melva,Fildery,Czech Republic,+55097001063,melva_fildery@gmail.com
706,Layla,Ruggles,Brazil,+57332326782,layla_ruggles@gmail.com
707,Kathleen,Landre,China,+44334225673,kathleen_landre@gmail.com
708,Em,Sillis,Finland,+76591441460,em_sillis@gmail.com
709,Imogene,Vidgeon,Philippines,+79570201164,imogene_vidgeon@gmail.com
710,Leupold,Allsworth,Brazil,+55671061348,leupold_allsworth@gmail.com
711,Georgianna,Colquete,Czech Republic,+25194779565,georgianna_colquete@gmail.com
712,Pernell,Pantecost,China,+79882865318,pernell_pantecost@gmail.com
713,Adore,Lynde,Belarus,+67335266017,adore_lynde@gmail.com
714,Nonie,Macenzy,Palestinian Territory,+82460428599,nonie_macenzy@gmail.com
715,Shaughn,Endle,Vietnam,+84531138318,shaughn_endle@gmail.com
716,Lyn,Catherine,China,+38907818418,lyn_catherine@gmail.com
717,Garrott,Beenham,Mongolia,+91653899364,garrott_beenham@gmail.com
718,Linoel,Charopen,Indonesia,+15144315774,linoel_charopen@gmail.com
719,Bill,Scad,Suriname,+33188928369,bill_scad@gmail.com
720,Analise,Humberston,Russia,+19462907271,analise_humberston@gmail.com
721,Cris,Birnie,Indonesia,+62676084493,cris_birnie@gmail.com
722,Jacques,Dupree,Somalia,+57584965939,jacques_dupree@gmail.com
723,Rickard,Elsop,China,+26974168438,rickard_elsop@gmail.com
724,Mario,Treslove,Macedonia,+88868260413,mario_treslove@gmail.com
725,Mariana,Collin,Portugal,+13240663161,mariana_collin@gmail.com
726,Robinia,Grayling,Indonesia,+67004764912,robinia_grayling@gmail.com
727,Rex,Tiptaft,Panama,+84085200285,rex_tiptaft@gmail.com
728,Darius,Denisovich,Pakistan,+42767718041,darius_denisovich@gmail.com
729,Olivie,Buske,Greece,+67889455760,olivie_buske@gmail.com
730,Barbee,Mocker,Democratic Republic of the Congo,+87594681359,barbee_mocker@gmail.com
731,Mohandis,Spinney,China,+17980677383,mohandis_spinney@gmail.com
732,Shelli,Thomesson,Russia,+50343122843,shelli_thomesson@gmail.com
733,Arline,Dannett,China,+22206791548,arline_dannett@gmail.com
734,Helenka,Walster,Thailand,+68158578602,helenka_walster@gmail.com
735,Averil,Planke,Russia,+57229200829,averil_planke@gmail.com
736,Hersh,Dartan,China,+31911462138,hersh_dartan@gmail.com
737,Kipp,Letchford,Russia,+44914571026,kipp_letchford@gmail.com
738,Justin,Goman,France,+93006138424,justin_goman@gmail.com
739,Wilhelmine,Ciciari,Costa Rica,+37715762899,wilhelmine_ciciari@gmail.com
740,Yettie,Moynham,Poland,+66309579937,yettie_moynham@gmail.com
741,Patrica,McVee,Philippines,+26144408119,patrica_mcvee@gmail.com
742,Joannes,Birchenough,Vietnam,+90352995189,joannes_birchenough@gmail.com
743,Alfie,Yu,China,+61294922775,alfie_yu@gmail.com
744,Corry,McSharry,Brazil,+13091380820,corry_mcsharry@gmail.com
745,Gilemette,Glasper,China,+64035029268,gilemette_glasper@gmail.com
746,Yardley,Early,Czech Republic,+30816187922,yardley_early@gmail.com
747,Nessy,Kemmish,Russia,+79298262723,nessy_kemmish@gmail.com
748,Alla,Beckinsall,Indonesia,+43380223695,alla_beckinsall@gmail.com
749,Arabela,Osipenko,Guinea-Bissau,+46873344176,arabela_osipenko@gmail.com
750,Alexine,Youell,Japan,+94968831972,alexine_youell@gmail.com
751,Ode,Poytres,Bolivia,+43162104744,ode_poytres@gmail.com
752,Javier,Swains,Sweden,+50274246597,javier_swains@gmail.com
753,Darci,Bene,Mongolia,+21028304621,darci_bene@gmail.com
754,Zarla,Bridden,Brazil,+37879234587,zarla_bridden@gmail.com
755,Demeter,Wimbush,Russia,+26278394114,demeter_wimbush@gmail.com
756,Hube,Arens,Iran,+65269452099,hube_arens@gmail.com
757,Austin,Carlile,Albania,+75114238187,austin_carlile@gmail.com
758,Nathanil,Clouter,Ecuador,+19892106599,nathanil_clouter@gmail.com
759,Cathyleen,Surfleet,Indonesia,+11088092673,cathyleen_surfleet@gmail.com
760,Blanca,Wegener,Russia,+63838544308,blanca_wegener@gmail.com
761,Elvira,Sabbin,Ukraine,+22666359956,elvira_sabbin@gmail.com
762,Milty,Erni,Finland,+13905219320,milty_erni@gmail.com
763,Jasun,O' Lone,Thailand,+53273872870,jasun_o' lone@gmail.com
764,Kendall,Wedderburn,Poland,+22198141644,kendall_wedderburn@gmail.com
765,Flori,Borrott,Czech Republic,+30760351246,flori_borrott@gmail.com
766,Iormina,Richings,France,+59862769561,iormina_richings@gmail.com
767,Fionna,Dyott,Indonesia,+33851950404,fionna_dyott@gmail.com
768,Mickie,Holwell,Japan,+13389972563,mickie_holwell@gmail.com
769,Byrom,Harsent,Thailand,+26085623843,byrom_harsent@gmail.com
770,Juliet,Sturman,Argentina,+63292799242,juliet_sturman@gmail.com
771,Selinda,Dudek,Indonesia,+13762261688,selinda_dudek@gmail.com
772,Woodie,Mainwaring,Philippines,+57426528095,woodie_mainwaring@gmail.com
773,Jacinthe,Lucken,Russia,+70623049210,jacinthe_lucken@gmail.com
774,Olympie,Drache,Afghanistan,+97584086464,olympie_drache@gmail.com
775,Mandel,Fridlington,Indonesia,+83514698708,mandel_fridlington@gmail.com
776,Rupert,Madden,Poland,+33377330038,rupert_madden@gmail.com
777,Taffy,Robertis,Poland,+62723848981,taffy_robertis@gmail.com
778,Rorke,Blaksland,Russia,+40238178563,rorke_blaksland@gmail.com
779,Myrwyn,Kleinhandler,Iran,+43985897375,myrwyn_kleinhandler@gmail.com
780,Francis,Rupert,China,+64067024673,francis_rupert@gmail.com
781,Olly,Ovitz,Guatemala,+34133226283,olly_ovitz@gmail.com
782,Aube,Trytsman,Ukraine,+83268210766,aube_trytsman@gmail.com
783,Tricia,Lindeman,Poland,+77598088639,tricia_lindeman@gmail.com
784,Hilton,Sesons,Indonesia,+14858035458,hilton_sesons@gmail.com
785,Veronike,Lace,Russia,+76523108012,veronike_lace@gmail.com
786,Jania,Stuttard,China,+51219121218,jania_stuttard@gmail.com
787,Corella,Matyashev,Niger,+56477954056,corella_matyashev@gmail.com
788,Oran,Connick,Czech Republic,+82302048382,oran_connick@gmail.com
789,Valentijn,Franiak,Azerbaijan,+39117812290,valentijn_franiak@gmail.com
790,Francklyn,Lubman,Morocco,+21884293662,francklyn_lubman@gmail.com
791,Miguel,Vaughan,China,+32274493392,miguel_vaughan@gmail.com
792,Inglebert,Wortman,Nigeria,+11415216332,inglebert_wortman@gmail.com
793,Shurwood,Fourcade,Indonesia,+84876984942,shurwood_fourcade@gmail.com
794,Rawley,Kobke,Tunisia,+87228847438,rawley_kobke@gmail.com
795,Morty,O' Meara,Libya,+94568638324,morty_o' meara@gmail.com
796,Starr,Pimlott,China,+58056954614,starr_pimlott@gmail.com
797,Karilynn,Colling,Honduras,+12059069397,karilynn_colling@gmail.com
798,Dorolisa,Eubank,China,+63526868657,dorolisa_eubank@gmail.com
799,Martie,Bartholomew,Russia,+41940808889,martie_bartholomew@gmail.com
800,Yankee,Bier,Yemen,+88063356152,yankee_bier@gmail.com
801,Karilynn,Stygall,Peru,+52914061036,karilynn_stygall@gmail.com
802,Gail,Normansell,Indonesia,+37809938833,gail_normansell@gmail.com
803,Gunner,Mellor,Sweden,+66001110692,gunner_mellor@gmail.com
804,Giovanna,Hasser,Reunion,+51214007971,giovanna_hasser@gmail.com
805,Emmalynn,Maughan,Czech Republic,+32432863295,emmalynn_maughan@gmail.com
806,Addi,Tinker,Senegal,+37176543029,addi_tinker@gmail.com
807,Laura,Grinter,China,+63510103921,laura_grinter@gmail.com
808,Oralia,Twomey,Moldova,+75972627141,oralia_twomey@gmail.com
809,Arni,Umfrey,Bahamas,+15355061762,arni_umfrey@gmail.com
810,Hyatt,Stansbury,Japan,+93102763020,hyatt_stansbury@gmail.com
811,Cass,Mixture,Venezuela,+53502234696,cass_mixture@gmail.com
812,Adrian,Connett,Ukraine,+64204552093,adrian_connett@gmail.com
813,Fern,Morando,China,+37890744326,fern_morando@gmail.com
814,Curtis,Meegan,Indonesia,+35070554035,curtis_meegan@gmail.com
815,Abbey,Albany,Sweden,+71847149761,abbey_albany@gmail.com
816,Nester,Tasseler,Philippines,+92421852264,nester_tasseler@gmail.com
817,Keri,Shekle,Indonesia,+31837515405,keri_shekle@gmail.com
818,Rickard,Nestle,Zambia,+80175948139,rickard_nestle@gmail.com
819,Marleah,Densell,Brazil,+68233297854,marleah_densell@gmail.com
820,Henrik,Kernocke,Canada,+97219114519,henrik_kernocke@gmail.com
821,Vaclav,Iashvili,China,+49305924796,vaclav_iashvili@gmail.com
822,Maryjo,Carncross,China,+88090439203,maryjo_carncross@gmail.com
823,Collie,Rushby,China,+78688123541,collie_rushby@gmail.com
824,Cody,Betke,Brazil,+93343970061,cody_betke@gmail.com
825,Emory,Egle,Mexico,+60503022320,emory_egle@gmail.com
826,Porty,MacGovern,France,+45531579079,porty_macgovern@gmail.com
827,Waiter,Fernandes,Thailand,+29450572042,waiter_fernandes@gmail.com
828,Adoree,Timbrell,Samoa,+79218596782,adoree_timbrell@gmail.com
829,Lonna,Davern,Norway,+14115496322,lonna_davern@gmail.com
830,Enrichetta,Dener,Mexico,+66048571097,enrichetta_dener@gmail.com
831,Johan,Luckin,China,+97315015154,johan_luckin@gmail.com
832,Ferdinand,Capelen,Sweden,+58020948663,ferdinand_capelen@gmail.com
833,Kelcey,Cardozo,Portugal,+81590333573,kelcey_cardozo@gmail.com
834,Ethelind,Alexandersen,China,+24399901250,ethelind_alexandersen@gmail.com
835,Lay,Latan,China,+96780469084,lay_latan@gmail.com
836,Borg,Stitch,China,+91807875476,borg_stitch@gmail.com
837,Mandie,Havvock,Indonesia,+10192465293,mandie_havvock@gmail.com
838,Anna-diane,Konertz,Afghanistan,+46392413325,anna-diane_konertz@gmail.com
839,Gelya,Westwater,China,+62904729223,gelya_westwater@gmail.com
840,Norris,Hunter,Costa Rica,+46794621670,norris_hunter@gmail.com
841,Ty,Garard,China,+29329691478,ty_garard@gmail.com
842,Ginevra,Ellerbeck,Brazil,+84438988744,ginevra_ellerbeck@gmail.com
843,Isidora,Haliburton,Portugal,+30393938258,isidora_haliburton@gmail.com
844,Hamel,Nortunen,China,+11478811178,hamel_nortunen@gmail.com
845,Olia,Cowlam,China,+45224127774,olia_cowlam@gmail.com
846,Addia,Bonar,France,+55624404938,addia_bonar@gmail.com
847,Noam,Sowthcote,Macedonia,+58797809840,noam_sowthcote@gmail.com
848,Dillie,Witten,Thailand,+26204268581,dillie_witten@gmail.com
849,Hali,Jancic,China,+36806453570,hali_jancic@gmail.com
850,Melania,McAree,Philippines,+60766133619,melania_mcaree@gmail.com
851,Wynnie,Cossington,China,+24598960262,wynnie_cossington@gmail.com
852,Sheri,Lednor,Brazil,+55589341282,sheri_lednor@gmail.com
853,Whitman,Culpan,Peru,+68138275434,whitman_culpan@gmail.com
854,Annabal,Filgate,Russia,+65019733033,annabal_filgate@gmail.com
855,Elga,Fetters,Russia,+14578581738,elga_fetters@gmail.com
856,Alexandrina,Cabedo,Russia,+43310849435,alexandrina_cabedo@gmail.com
857,Susan,Pescud,Uzbekistan,+92237428195,susan_pescud@gmail.com
858,Lindsy,Korting,Poland,+52858604557,lindsy_korting@gmail.com
859,Sergio,Clamp,China,+26006659051,sergio_clamp@gmail.com
860,Evyn,Everard,Malaysia,+34435642659,evyn_everard@gmail.com
861,Thurstan,McIntosh,United States,+12543303036,thurstan_mcintosh@gmail.com
862,Reynold,Swanbourne,Philippines,+94262824174,reynold_swanbourne@gmail.com
863,Arleta,Cairney,Brazil,+54637824353,arleta_cairney@gmail.com
864,Alberta,East,China,+47855304805,alberta_east@gmail.com
865,Liuka,Rowesby,Russia,+64525103549,liuka_rowesby@gmail.com
866,Justine,Iacovucci,France,+97959906283,justine_iacovucci@gmail.com
867,Rolland,Avrahamoff,Portugal,+10016194411,rolland_avrahamoff@gmail.com
868,Alyse,Anstice,Brazil,+50546167543,alyse_anstice@gmail.com
869,Jimmie,Elliot,Iran,+69100550584,jimmie_elliot@gmail.com
870,Rickard,Vondrasek,Mexico,+70992436095,rickard_vondrasek@gmail.com
871,Kalle,Dallow,Malaysia,+68439083701,kalle_dallow@gmail.com
872,Darlleen,Doulton,Chile,+69191957283,darlleen_doulton@gmail.com
873,Alexina,Harrald,Venezuela,+27652818802,alexina_harrald@gmail.com
874,Thornton,Syddall,Ethiopia,+66400090758,thornton_syddall@gmail.com
875,Raleigh,Raiston,Russia,+58783213041,raleigh_raiston@gmail.com
876,Jamey,Palleske,Argentina,+50222427417,jamey_palleske@gmail.com
877,Lily,Pesek,Saudi Arabia,+92902679177,lily_pesek@gmail.com
878,Molli,Keyse,China,+39695182981,molli_keyse@gmail.com
879,Hollie,Raulin,China,+91641775110,hollie_raulin@gmail.com
880,Malissia,Tschirschky,China,+41029212781,malissia_tschirschky@gmail.com
881,Fayth,Ashling,Nicaragua,+48588487590,fayth_ashling@gmail.com
882,Gregor,McClurg,Indonesia,+89320003057,gregor_mcclurg@gmail.com
883,Kimbell,Frowing,Poland,+73413648218,kimbell_frowing@gmail.com
884,Vanda,Buncombe,Sweden,+60789238790,vanda_buncombe@gmail.com
885,Spike,Oswal,China,+45180426979,spike_oswal@gmail.com
886,Melita,Meyrick,Thailand,+22479526504,melita_meyrick@gmail.com
887,Ody,Behling,United Kingdom,+37344378309,ody_behling@gmail.com
888,Darius,Battyll,Russia,+37149794809,darius_battyll@gmail.com
